{"cameraMode":{"drawMode":0,"name":"Shaded","section":"Shading Mode"},"sceneLighting":true,"audioPlay":false,"sceneViewState":{"showFog":true,"showMaterialUpdate":false,"showSkybox":false,"showFlares":true,"showImageEffects":true,"showParticleSystems":true},"in2DMode":false,"pivot":{"x":-551.5226440429688,"y":-954.7676391601563,"z":-4.2667741775512699},"rotation":{"x":0.11259818822145462,"y":0.5005300045013428,"z":-0.06584616750478745,"w":0.8558463454246521},"size":0.7322726845741272,"orthographic":false}