{"cameraMode":{"drawMode":0,"name":"Shaded","section":"Shading Mode"},"sceneLighting":true,"audioPlay":false,"sceneViewState":{"showFog":true,"showMaterialUpdate":false,"showSkybox":false,"showFlares":true,"showImageEffects":true,"showParticleSystems":true},"in2DMode":false,"pivot":{"x":-3.311739206314087,"y":0.4251306653022766,"z":19.75748634338379},"rotation":{"x":0.016791529953479768,"y":-0.04528304934501648,"z":0.0007651149062439799,"w":0.9988430142402649},"size":13.679758071899414,"orthographic":false}