{"cameraMode":{"drawMode":0,"name":"Shaded","section":"Shading Mode"},"sceneLighting":true,"audioPlay":false,"sceneViewState":{"showFog":true,"showMaterialUpdate":false,"showSkybox":false,"showFlares":true,"showImageEffects":true,"showParticleSystems":true},"in2DMode":false,"pivot":{"x":-7.560873985290527,"y":-0.9453659057617188,"z":-4.093993186950684},"rotation":{"x":-0.09524670988321305,"y":0.847047746181488,"z":-0.16229665279388429,"w":-0.4970947802066803},"size":15.471626281738282,"orthographic":false}