{"cameraMode":{"drawMode":0,"name":"Shaded","section":"Shading Mode"},"sceneLighting":true,"audioPlay":false,"sceneViewState":{"showFog":true,"showMaterialUpdate":false,"showSkybox":false,"showFlares":true,"showImageEffects":true,"showParticleSystems":true},"in2DMode":false,"pivot":{"x":-543.2151489257813,"y":-961.4384765625,"z":14.88170051574707},"rotation":{"x":0.0978543758392334,"y":-0.04477372765541077,"z":0.004424246959388256,"w":0.9942008852958679},"size":26.07474136352539,"orthographic":false}